TT,Ten_don_vi,Ten_mo_xa,Dia_chi_huyen_cu,Loai_KS,So_GP,Ngay_cap,Ngay_het_han,Dien_tich_ha,Co_quan_cap,Ghi_chu,CS_m3,CS_tan,Hien_trang,Nop_TKM,TB_GDDH_mo,Ban_giao_moc,Tram_can,Camera,Ky_quy_PHMT,QD_thue_dat,GP_KT_nuoc,GPMT,GP_VLN
1,Chi nhánh Công ty TNHH Khoáng sản Tây Bắc,Mỏ sắt xã Khai Trung,Lục Yên ,Quặng sắt,482/GP-UBND,13/04/2007,13/04/2010,6.48,Tỉnh cấp,Hết hạn,,10000,Dừng KT; Đề nghị ĐCM,,,,,,,,,,
2,Chi nhánh Công ty TNHH Khoáng sản Tây Bắc,Mỏ sắt xã Khai Trung,Lục Yên ,Quặng sắt,211/GP-UBND,09/06/2006,09/06/2009,2.6,Tỉnh cấp,Hết hạn,,10000,Dừng KT; Đề nghị ĐCM,,,,,,,,,,
3,Công ty Cổ phần Cường Thịnh,"Đá vôi và đá cát bột kết Thôn 7A Đồng Phú, xã Việt Cường",Trấn Yên ,Đá làm VLXDTT,53/GP-UBND,16/01/2014,16/07/2022,5,Tỉnh cấp,Hết hạn,20000,,Đang KT,a,a,a,,,a,,,,
4,Công ty Cổ phần Đá cẩm thạch Dốc Thẳng,"Dốc Thẳng, thị trấn Yên Thế","Thôn Ngòi Kèn, Xã Lục Yên, Tỉnh Lào Cai, Việt Nam",Đá vôi trắng,221/GP-BTNMT,23/01/2018,23/01/2048,11.12,Bộ cấp,,43272,108730,"Dừng KT
(tại VB số 43/2022/TB-CTDT ngày 14/3/2022, do không có chỗ đổ thải)",a,-,a,,,,a,,,
5,Công ty Cổ phần Đá quý và Vàng Yên Bái ,Xã Liễu Đô,"Thôn Ngòi Kèn, Xã Lục Yên, Tỉnh Lào Cai, Việt Nam",Đá vôi trắng,971/GP-BTNMT,27/06/2007,27/06/2037,4.44,Bộ cấp,,4200,51252,"Chưa KT
(Đã XDCB)",a,a,a,,,a,a,,,a
6,Công ty Cổ phần Đầu tư LHB Đại Việt,"Điểm cát, sỏi sông Hồng, xã An Thịnh",Văn Yên,"Cát, sỏi",527/GP-UBND,29/03/2019,29/03/2034,5.6,Tỉnh cấp,,8000,,Chưa KT,a,a,a,,,,,,,
7,Công ty Cổ phần Đầu tư Phát triển Khoáng sản Yên Bái,"Đá hoa Minh Tiến II, xã Minh Tiến","Xã Lục Yên, Tỉnh Lào Cai, Việt Nam",Đá vôi trắng,350/GP-BTNMT,16/12/2022,16/12/2052,31.25,Bộ cấp,,227870,1157300,Chưa KT,,,a,,,,,,,
8,Công ty Cổ phần Đầu tư Thương mại Khoáng sản Yên Bái,"Đá vôi Đồng Bông, xã Viễn Sơn","Phường Yên Bái, tỉnh Lào Cai",Đá làm VLXDTT,666/GP-UBND,25/04/2022,24/04/2039,12,Tỉnh cấp,,55000,,Chưa KT,a,a,a,,,,,,,
9,Công ty Cổ phần Đầu tư Thương mại Thành Phát,"Mỏ đá vôi dạng khối 
Nặm Ngập, TT. Yên Thế (cấp lại)",Lục Yên ,Đá vôi trắng,993/GP-UBND,30/06/2011,30/12/2025,0.5,Tỉnh cấp,Hết hạn,2000,,Đang KT,a,a,a,,,a,a,,,a
10,Công ty Cổ phần Đầu tư Xây dựng Thương mại Long Phú Cường,"Cát, sỏi sông Chảy xã Tô Mậu",Lục Yên ,"Cát, sỏi",2075/GP-UBND,03/11/2014,03/05/2023,1,Tỉnh cấp,Hết hạn,2400,,"Dừng KT 
(tước quyền sử dụng GP 18 tháng theo QĐ số 2037/QĐ-UBND ngày 04/10/2018; tức đến tháng 04/2020 và theo yêu cầu của UBND tỉnh để hoàn thiện thủ tục thuê đất)",a,a,a,,,a,,,,
11,Công ty Cổ phần ĐTKS Kim Sơn,Xã Vĩnh Lạc,"Phường Yên Bái, Lào Cai",Đá vôi trắng,761/GP-BTNMT,26/04/2011,26/04/2041,11.44,Bộ cấp,,64840,321541,Dừng KT,a,a,a,,,,a,,,
12,Công ty Cổ phần Đường sắt Yên Lào,Xã Lâm Giang (cấp lại),"Phường Yên Bái, Tỉnh Lào Cai, Việt Nam",Đá làm VLXDTT,617/GP-UBND,06/05/2011,13/08/2040,5.2,Tỉnh cấp,,25000,,Đang KT,a,a,a,a,,a,a,,,a
13,Công ty Cổ phần Gang thép BB CIM HOLDINGS (trước đây là Công ty Cổ phần Gang thép Yên Bái),"Núi Vi - Làng Thảo các xã: Hồng Ca, Hưng Khánh, Hưng Thịnh","Xã Lương Thịnh, Lào Cai ",Quặng sắt,2844/GP-BTNMT,08/11/2019,08/11/2047,24.59,Bộ cấp,,,60000,Đang KT,a,a,a,,,,,,,
14,Công ty Cổ phần Hà Quang,"Nậm Búng II, xã Nậm Búng (cấp lại)",Văn Chấn ,Quặng sắt,934/GP-UBND,29/06/2011,29/06/2021,4,Tỉnh cấp,Hết hạn,,20000,Đang KT,a,a,a,,,a,a,,,a
15,Công ty Cổ phần Hà Quang,"Quặng sắt 409, xã Lương Thịnh","Đông Anh, Hà Nội ",Quặng sắt,1725/GP-UBND,15/10/2010,15/10/2027,20,Tỉnh cấp,,,40000,"Dừng KT 
(theo yêu cầu của UBND tỉnh để hoàn thiện thủ tục thuê đất)",a,a,a,,,a,,,,
16,Công ty Cổ phần Hoàng Minh Anh," Khe Ron, xã Hồng Ca",Trấn Yên,Quặng sắt,937/GP-UBND,16/06/2008,16/06/2011,6.66,Tỉnh cấp,Hết hạn,,20000,Đang KT,,,,,,,,,,
17,Công ty Cổ phần Khai khoáng Minh Đức,"Núi 300, xã Hưng Thịnh và xã Hưng Khánh","Thôn Yên Thịnh, Xã Lương Thịnh, Tỉnh Lào Cai",Quặng sắt,1225/GP-BTNMT,24/06/2011,24/06/2041,113,Bộ cấp,,,350000,"Đang KT 
(TB số 20/CV-MĐ ngày 15/6/2023)",a,a,a,a,a,a,a,a,,a
18,Công ty Cổ phần Khai khoáng Minh Đức,"Quặng sắt phía Bắc Núi 300, xã Hưng Thịnh","Thôn Yên Thịnh, Xã Lương Thịnh, Tỉnh Lào Cai",Quặng sắt,1355/GP-BTNMT,04/06/2015,04/06/2045,28.32,Bộ cấp,,,198000,Đang KT,a,a,a,a,a,a,,,,
19,Công ty Cổ phần Khai thác Chế biến Khoáng sản Trường Phát,"Mỏ cát, sỏi sông Chảy xã Hán Đà và xã Đại Minh",Yên Bình,"Cát, sỏi",1639/GP-UBND ,07/10/2010,01/10/2027,13.323,Tỉnh cấp,,20000,,Đang KT,a,a,a,,,a,a,,,
20,Công ty Cổ phần Khai thác khoáng sản Việt Sinh,"Mỏ than nâu Hồng Quang, xã Động Quan","Xã Hồng Quang, Lào Cai",Than,552/GP-UBND,22/04/2010,22/04/2026,14.26,Tỉnh cấp,Hết hạn,,10000,Đang KT,a,a,a,a,a,a,a,,,a
21,Công ty Cổ phần Khai thác Sản xuất và Xây dựng huyện Văn Yên (tên cũ: Công ty Cổ phần SX&XD huyện Văn Yên),Đá vôi xã Đại Phác (cấp lại),"Thôn Đại Thắng, Xã Xuân Ái, Tỉnh Lào Cai",Đá làm VLXDTT,545/GP-UBND,20/04/2011,20/04/2027,2.6,Tỉnh cấp,,12500,,Đang KT,a,a,a,,,a,a,,,a
22,Công ty Cổ phần Khoáng sản Đại Phát,"Bản Tát, xã Châu Quế Hạ (cấp lại)","Thôn Khe Pháo, Xã Châu Quế, Tỉnh Lào Cai ",Quặng sắt,402/GP-UBND,23/04/2012,23/04/2029,9.9,Tỉnh cấp,,,45000,Đang KT,a,a,a,,,a,a,,,a
23,Công ty Cổ phần Khoáng sản Đức Thịnh,"Điểm cát, sỏi sông Chảy, xã An Lạc  (khu vực trúng đấu giá)",Lục Yên,"Cát, sỏi",2605/GP-UBND,04/12/2018,04/12/2039,12.1,Tỉnh cấp,,30000,,Đang KT,,a,a,,,,a,,,
24,Công ty Cổ phần Khoáng sản Hòa Yên,Quặng sắt Kim Bình (02 điểm) xã Hưng Thịnh,"Phường Âu Lâu, tỉnh Lào Cai",Quặng sắt,956/GP-UBND,22/06/2022,22/06/2035,20.2,Tỉnh cấp,,,20000,Chưa KT,,,a,,,,,,,
25,Công ty Cổ phần Khoáng sản Hưng Phát,"Quặng sắt Phương Đạo - Khe Đao (05 điểm ), xã Lương Thịnh, xã Hưng Khánh và xã Hồng Ca","Thôn Phương Đạo 2, Xã Lương Thịnh, Tỉnh Lào Cai, Việt Nam ",Quặng sắt,1336/GP-UBND,12/08/2022,12/02/2031,8.04,Tỉnh cấp,,,20000,Chưa KT,,a,,,,,,,,
26,Công ty Cổ phần Khoáng sản Phan Thanh,Xã Phan Thanh,"Thôn Bản Ro, Xã Tân Lĩnh, Tỉnh Lào Cai, Việt Nam",Đá vôi trắng,312/GP-BTNMT,16/02/2016,16/02/2046,26.6,Bộ cấp,,107300,109620,Đang KT,a,a,a,,,a,a,,,
27,Công ty Cổ phần Khoáng sản Simco - Fansipan,"Đá hoa trắng Mông Sơn VII, xã Mông Sơn","Khu Công nghiệp Phía Nam, Phường Văn Phú, Lào Cai",Đá vôi trắng,2644/GP-BTNMT,21/11/2014,21/11/2044,17.6,Bộ cấp,,,200000,Đang XDCB; Chưa KT,a,a,a,,,,a,,,
28,Công ty Cổ phần Khoáng sản Tây Bắc YB,Xã Nậm Búng và xã Gia Hội (chuyển nhượng) nay là xã Gia Hội,"Thôn Nậm Pươi, Xã Gia Hội, Tỉnh Lào Cai, Việt Nam",Thạch anh,222/GP-UBND,22/02/2023,15/12/2029,9.2,Tỉnh cấp,,20000,,Đang KT,a,a,a,,,a,a,,,
29,Công ty Cổ phần Khoáng sản Thiên Bảo,"Đồng Khe Cam, xã An Lương","Thôn Khe Trầu (Khe Cam cũ), Xã Mỏ Vàng, Tỉnh Lào Cai, Việt Nam",Quặng đồng,1917/GP-BTNMT,08/09/2014,08/09/2037,14.1,Bộ cấp,,,100000," Chưa KT
(Đang hoàn thiện thủ tục về đất)",a,-,,,,,,,,
30,Công ty Cổ phần Khoáng sản và Xây dựng Hoàng Phát,"Điểm cát, sỏi sông Chảy, xã Tô Mậu và xã Minh Chuẩn  (khu vực trúng đấu giá)",Lục Yên,"Cát, sỏi", 1330/GP-UBND,19/07/2018,19/01/2034,2.1,Tỉnh cấp,,8500,,Đang KT,,a,a,,,,,,,
31,Công ty Cổ phần Khoáng sản Viglacera,"Phai Hạ, xã Minh Bảo (gia hạn)",Yên Bái ,Felspat,248/GP-BTNMT,18/07/2023,18/07/2025,4.95,Bộ cấp,Hết hạn,,52500,Đang KT,a,a,a,a,a,a,a,,,a
32,Công ty Cổ phần Khoáng sản Viglacera,"Mỏ Granit BPH Hồ Xanh, TT. Thác Bà (cấp lại)","KCN Phía Nam, Phường Văn Phú, Lào Cai",Granit bán phong hoá,409/GP-UBND,24/04/2012,24/04/2026,2.33,Tỉnh cấp,Hết hạn,,48000,Đang KT,a,a,a,a,a,a,a,,,a
33,Công ty Cổ phần Khoáng sản Yên Bái VPG,"Mỏ đá vôi trắng Đào Lâm, TT. Yên Thế (cấp lại)","Phường Yên Bái, tỉnh Lào Cai",Đá vôi trắng,1265/GP-UBND,11/08/2010,11/04/2032,5.13,Tỉnh cấp,,19500,,Đang KT,a,a,a,a,,a,a,,,a
34,Công ty Cổ phần Khoáng sản Yên Bái VPG,"Mỏ felspat thôn Hồng Quân, xã Hán Đà (cấp lại)","Phường Yên Bái, tỉnh Lào Cai",Felspat,696/GP-UBND,12/04/2016,12/08/2032,7,Tỉnh cấp,,,48000,Đang KT,a,a,a,a,,,a,,,
35,Công ty Cổ phần Khoáng sản Yên Phú Đông Đô - BQP,Xã Xà Hồ (nay là xã Hạnh Phúc),"Thôn Sáng Pao, Xã Hạnh Phúc, Tỉnh Lào Cai, Việt Nam",Chì - kẽm,175/GP-BTNMT,18/10/2021,18/05/2032,2.5,Bộ cấp,,,5000,Đang KT,a,a,a,a,,,,,,
36,Công ty Cổ phần Kim Thành,Xã Cao Phạ (nay là xã Tú Lệ),"Phường Tân An, Lào Cai",Chì - kẽm, 680/GP-UBND,07/04/2020,07/10/2028,3.526,Tỉnh cấp,,,7150,Đang KT,a,a,a,a,,,a,,,
37,Công ty Cổ phần LK&KK Việt Đức,"Đá hoa Bản Nghè II, xã Yên Thắng","Thôn Làng Thọc, Xã Yên Thắng, Huyện Lục Yên, Tỉnh Yên Bái, Việt Nam",Đá vôi trắng,342/GP-BTNMT,12/02/2010,12/02/2040,26.8,Bộ cấp,,148800,533696,Đang KT,a,a,a,,,a,a,,,a
38,Công ty Cổ phần Mông Sơn,"Mỏ đá hoa Làng Cạn, 
xã Mông Sơn","Xã Yên Bình, tỉnh Lào Cai",Đá vôi trắng,2010/GP-BTNMT,19/10/2009,19/10/2034,13.45,Bộ cấp,,,300000,Đang KT,a,a,a,,,a,a,,,a
40,Công ty Cổ phần phát triển công nghệ cao Thiên Trường,"Quặng vàng gốc Tú Lệ 1, xã Tú Lệ",Văn Chấn,Vàng,969/GP-UBND,30/06/2011,30/12/2015,2,Tỉnh cấp,Hết hạn,,13730,Chưa KT,,,,,,,,,,
41,Công ty Cổ phần Phát Triển Tây Bắc,"Lâm Thượng, xã Tân Lĩnh",Lục Yên,Quặng sắt,830/GP-UBND,26/05/2008,26/05/2010,1.8,Tỉnh cấp,Hết hạn,,7000,Dừng KT; Đề nghị ĐCM,,,,,,,,,,
42,Công ty Cổ phần SXVL và XD công trình 115,"Km44, xã Tân Hương",Yên Bình,Đá làm VLXDTT,165/GP-UBND,25/01/2008,25/01/2011,1.8,Tỉnh cấp,Hết hạn,10000,,Dừng KT; Đề nghị ĐCM,,,,,,,,,,
43,Công ty Cổ phần Tập đoàn Thái Dương,"Đá hoa Khau Tu Ka, xã An Phú",Lục Yên ,Đá vôi trắng,1528/GP-BTNMT,19/08/2010,19/08/2040,5.91,Bộ cấp,,25582,66378,Đang KT,a,a,a,,,a,a,,,
44,Công ty Cổ phần Tập đoàn Thái Dương,"Làng Lạnh, xã Liễu Đô",Lục Yên ,Đá vôi trắng,1529/GP-BTNMT,19/08/2010,19/08/2040,24.1,Bộ cấp,,135400,741204,Đang KT,a,a,a,,,a,a,,,
45,Công ty Cổ phần Tập đoàn Thái Dương,Xã Yên Phú (gia hạn),Văn Yên,Đất hiếm,134/GP-BTNMT,06/08/2021,13/07/2028,6.24,Bộ cấp,,,261670,"Dừng KT
(Cơ quan Cảnh sát điều tra Bộ Công an đang điều tra vụ án vi phạm quy định về thăm dò, khai thác tài nguyên và vi phạm quy định về kế toán gây hậu quả nghiêm trọng xảy ra tại Công ty Cổ phần Tập đoàn Thái Dương và các đơn vị liên quan theo Quyết định số 39/QĐ-CSKT-C3 ngày 17/10/2023)",,a,a,,a,,a,,,
46,Công ty Cổ phần Thành Công (đổi tên thành: Công ty TNHH Thành Công),Xã Tân Thịnh,Yên Bái ,Kaolin,1305/GP-UBND,30/08/2007,30/08/2009,1.2,Tỉnh cấp,Hết hạn,,3000,Dừng KT; Đang xin cấp lại,,,,,,,,,,
47,Công ty Cổ phần thiết bị điện và Khoáng sản Yên Bái,"Đá hoa Minh Tiến 1, xã Minh Tiến","Thôn Tồng Táng, Xã Mường Lai, Tỉnh Lào Cai, Việt Nam",Đá vôi trắng,333/GP-BTNMT,28/02/2011,28/02/2041,26.63,Bộ cấp,,184300,702270,Đang XDCB; Chưa KT,a,a,a,,,,a,,,
48,Công ty Cổ phần Thịnh Đạt,"Trống Pá Sang, xã Cao Phạ (nay là xã Tú Lệ)","Tổ 5, Phường Trung Tâm, Tỉnh Lào Cai, Việt Nam",Chì - kẽm,1339/GP-UBND,20/07/2017,20/01/2030,2.25,Tỉnh cấp,,,5000,Đang KT,a,a,a,a,,a,a,,,
49,Công ty Cổ phần Thịnh Đạt,"Khu vực quặng chì-kẽm: Huổi Pao, xã Nậm Có; Bản Lìm (2 điểm), xã Cao Phạ và Hấu Đề, xã La Pán Tẩn (tổng 04 điểm) nay là xã Nậm Có, xã Tú Lệ, xã Púng Luông",,Chì - kẽm,174/GP-UBND,11/02/2022,11/02/2032,25.29,Tỉnh cấp,,,3300,Chưa KT,a,a,a,,,,,,,
50,Công ty Cổ phần Thương mại và Sản xuất Công nghiệp,"Đá làm bột Cacbonat 
canxi Đầm Tân Minh II, xã Mông Sơn","ng 6, Tòa nhà Viễn Đông, số 36 phố Hoàng Cầu, Phường Ô Chợ Dừa, Thành phố Hà Nội, Việt Nam ",Đá vôi trắng,1260/GP-BTNMT,13/07/2010,13/07/2039,15.76,Bộ cấp,,,763800,"Đang XDCB; Chưa KT
(Theo BC định kỳ mới bóc đất, đá phủ, chưa có SP)",a,a,a,,,a,a,,,a
51,Công ty Cổ phần Thủy điện Tân Lĩnh,"02 điểm cát, sỏi sông Chảy, xã Tô Mậu và xã Minh Chuẩn (khu vực trúng đấu giá; chuyển nhượng)",Lục Yên,"Cát, sỏi",1316/GP-UBND,25/07/2023,20/08/2036,13.1,Tỉnh cấp,,30000,,Đang KT,a,a,a,,,,a,,,
52,Công ty Cổ phần Thủy điện Tân Lĩnh,"Đá vôi Đá Khánh, xã Kiên Thành (chuyển nhượng)",Trấn Yên ,Đá làm VLXDTT,1317/GP-UBND ,25/07/2023,10/12/2030,2.8,Tỉnh cấp,,20694,,Đang KT,a,a,a,,,a,a,,,a
53,Công ty Cổ phần TM&SX Hùng Đại Dương,"Núi Chuông, xã Tân Lĩnh","Tầng 14, Tòa nhà HM Town, 412 Nguyễn Thị Minh Khai, Phường 05, Quận 3, Thành phố Hồ Chí Minh, Việt NamTrà
 ",Đá vôi trắng,1789/GP-BTNMT,12/11/2007,12/11/2037,5.21,Bộ cấp,,9429,42543,Đang KT,a,a,a,a,a,a,a,a,,
54,Công ty Cổ phần Toàn Kim Sơn,"Háng Chua Xay, xã Chế Cu Nha nay là xã Mù Cang Chải","Tổ 3, Phường Trung Tâm, Tỉnh Lào Cai, Việt Nam",Chì - kẽm,291/GP-UBND,22/02/2019,22/02/2033,5,Tỉnh cấp,,,1500,Đang KT,a,a,a,a,,,a,,,
55,Công ty Cổ phần Vật liệu xây dựng Đăng Dương Việt Nam,"02 điểm cát, sỏi xã Sơn Lương và thị trấn Nông trường Liên Sơn",Văn Chấn ,"Cát, sỏi",1214/GP-UBND,08/07/2019,08/07/2040,7.98,Tỉnh cấp,,9500,,Đang KT,a,a,a,,,,,,,
56,Công ty Cổ phần Vật liệu xây dựng Yên Bái,"Sét Yên Thành, xã Yên Hợp",Văn Yên,Đất làm gạch,858/GP-UBND,19/05/2017,19/11/2046,4.2,Tỉnh cấp,,12500,,Chưa KT,a,,a,,,a,,,,
57,Công ty Cổ phần Vật liệu xây dựng Yên Bái,"Sét Minh Long, xã Tuy Lộc",Yên Bái,Đất làm gạch,876/GP-UBND,22/05/2017,22/11/2027,3.6,Tỉnh cấp,,15000,,Chưa KT,a,,a,,,a,,,,
58,Công ty Cổ phần VINAVICO,"Núi Thâm Then, xã Tân Lập","Thôn Cát Hai, Xã Tân Lập, Huyện Lục Yên, Tỉnh Yên Bái, Việt Nam",Đá vôi trắng,466/GP-BTNMT,16/03/2011,16/03/2041,24,Bộ cấp,,173630,641812,"Chưa KT
(Đang XDCB)",a,a,a,,,,a,,,
59,Công ty Cổ phần Xây dựng An Phúc Yên Bái,"06 điểm cát sông Chảy, xã Động Quan, xã Tô Mậu và xã Tân Lĩnh (khu vực trúng đấu giá; chuyển nhượng)",Lục Yên,"Cát, sỏi",211/GP-UBND,05/02/2021,13/03/2032,17.34,Tỉnh cấp,,45000,,Đang KT,a,a,a,,,a,a,,,
60,Công ty Cổ phần Xây dựng giao thông Yên Bái ,"Mỏ đá vôi Làng Mường 3, xã Tô Mậu (cấp lại, gia hạn)","Đường Lê Hồng Phong, TDP Nguyễn Thái Học 7, Phường Yên Bái, Tỉnh Lào Cai, Việt Nam ",Đá làm VLXDTT,276/GP-UBND,19/02/2025,18/08/2027,2.5,Tỉnh cấp,,40000,,Đang KT,a,a,a,,,a,a,,,a
61,Công ty Cổ phần Xây dựng giao thông Yên Bái ,"Đá vôi Khọ Bửa, xã Cát Thịnh (cấp lại, chuyển nhượng)","Phường Yên Bái, Lào Cai",Đá làm VLXDTT,896/GP-UBND,02/06/2023,24/04/2042,7.3,Tỉnh cấp,,49000,,Đang KT,a,a,a,,,a,a,,,
62,Công ty Cổ phần Xây dựng giao thông Yên Bái,"Đá vôi Bản Dõng, xã Sơn Lương",,Đá làm VLXDTT,128/GP-UBND,24/01/2024,24/01/2042,2,Tỉnh cấp,,30000,,Chưa KT,,,a,,,,,,,
63,Công ty TNHH Một thành viên Khánh Duy YB,"01 điểm cát, sỏi sông Hồng, xã Tân Hợp",Văn Yên,"Cát, sỏi",547/GP-UBND,02/04/2024,02/04/2042,5.88,Tỉnh cấp,,15000,,Chưa KT,a,,,,,,,,,
64,Công ty Cổ phần HB Đại Hùng,"03 điểm cát, sỏi xã Đại Phác, xã Yên Hợp và xã Đông Cuông",Văn Yên,"Cát, sỏi",1793/GP-UBND,30/08/2024,28/02/2034,8.7,Tỉnh cấp,,38000,,Chưa KT,,a,,,,,,,,
65,Công ty Cổ phần Miền Tây,Xã Phù Nham,"Số nhà 115, tổ 1, Phường Tân An, Nghĩa Lộ, Lào Cai",Đá làm VLXDTT,121/GP-UBND,21/01/2025,21/01/2040,3.71,Tỉnh cấp,,50000,,Chưa KT,,a,,,,,,,,
66,Công ty Cổ phần Xây dựng Quang Thịnh,"Sét Rừng Si, xã Nghĩa Lộ",Nghĩa Lộ,Đất làm gạch,424/GP-UBND,28/03/2018,28/03/2037,6.1,Tỉnh cấp,,9000,,Đang KT,,,,,,,a,,,
67,Công ty Cổ phần Xây dựng Thái Hòa,Xã Châu Quế Thượng,Văn Yên ,Đá làm VLXDTT,441/GP-UBND,05/04/2007,05/04/2010,11.5,Tỉnh cấp,Hết hạn,40000,,Chưa KT,,,,,,,,,,
68,Công ty Cổ phần Xi măng và Khoáng sản Yên Bái ,"Mông Sơn VIB, xã Mông Sơn (làm nguyên liệu xi măng)","Xã Yên Bình, Tỉnh Lào Cai",Đá vôi trắng,2943/GP-BTNMT,21/12/2016,21/12/2045,6.5,Bộ cấp,,,383160,"Đang KT 
(theo BC 176/BC-STNMT ngày 15/6/2021)",a,a,a,,,,a,,,
69,Công ty Cổ phần Xi măng và Khoáng sản Yên Bái ,"Mỏ đá vôi Tây Bắc 
Mông Sơn","Xã Yên Bình, Tỉnh Lào Cai",Đá vôi trắng,318/GP-BTNMT,28/03/2006,28/09/2029,13.17,Bộ cấp,,,528000,Đang KT,a,a,a,a,,a,a,,,a
71,Công ty Cổ phần Xi măng Yên Bình,"Mỏ đá hoa Mông Sơn 1, xã Mông Sơn","Xã Yên Bình, Tỉnh Lào Cai",Đá vôi trắng,1058/GP-BTNMT,10/08/2006,10/08/2035,20.4,Bộ cấp,,,1085710,Đang KT,a,a,a,,,a,a,,,a
72,Công ty Cổ phần Xi măng Yên Bình,Mỏ đá sét xã Hợp Minh và xã Giới Phiên (gia hạn),,Sét SX xi măng,79/GP-BTNMT,14/03/2024,14/03/2033,13.52,Bộ cấp,,,293600,Đang KT,a,a,a,,,a,a,,,
73,Công ty Cổ phần xuất nhập khẩu và chuyển giao công nghệ Thái Thịnh,"Mỏ đá vôi trắng Đào Lâm, TT. Yên Thế"," Xã Lục Yên, Tỉnh Lào Cai, Việt Nam",Đá vôi trắng,866/GP-BTNMT,16/05/2011,16/05/2040,7.27,Bộ cấp,,17566,105103,Đang KT,a,a,a,,,a,a,,,a
74,Công ty Cổ phần Yên Phú,"Mỏ chì-kẽm Cang Chi Khúa, xã Xà Hồ (cấp lại) nay là xã Hạnh Phúc","Tổ 04, Phường Nghĩa Lộ, Tỉnh Lào Cai, Việt Nam",Chì - kẽm,3160/GP-UBND,17/12/2019,17/12/2028,1.49,Tỉnh cấp,,,3500,Đang KT,a,a,a,a,,,a,,,
75,Công ty Liên doanh Canxi cacbonat YBB,Mỏ đá vôi Mông Sơn II (cấp lại),"Phường Văn Phú, Lào Cai",Đá vôi trắng,991/GP-BTNMT,03/05/2017,03/05/2031,13.39,Bộ cấp,,,719320,Đang KT,a,a,a,a,a,a,a,,,a
76,Công ty Phát triển Số 1 - TNHH 1TV,Làng Mỵ xã Chấn Thịnh và Bình Thuận nay là xã Chấn Thịnh và xã Nghĩa Tâm,"Khu 2 Bích Nhôi, Phường Nhị Chiểu, Thành phố Hải Phòng, Việt Nam",Quặng sắt,2026/GP-BTNMT,10/10/2008,10/10/2038,60.97,Bộ cấp,,,100000,Đang KT,a,a,a,,,a,a,,,a
77,Công ty Phát triển Số 1 - TNHH 1TV,"Làng Mỵ 2, xã Nghĩa Tâm và xã Bình Thuận nay là xã Chấn Thịnh và xã Nghĩa Tâm",,Quặng sắt,107/GP-BTNMT,17/02/2025,17/02/2039,29.31,Bộ cấp,,,100000,Chưa KT,,,,,,,,,,
78,Công ty Phát triển Số 1 - TNHH 1TV,"Làng Mỵ 1, xã Chấn Thịnh và Bình Thuận nay là xã Chấn Thịnh và xã Nghĩa Tâm",,Quặng sắt,40/GP-BTNMT,15/01/2025,15/01/2052,39.91,Bộ cấp,,,120000,Chưa KT,,,,,,,,,,
79,Công ty Phát triển Số 1 - TNHH 1TV,"Trung Sơn, xã Mông Sơn",,Đá vôi trắng,1681/GP-BTNMT,26/08/2008,26/03/2036,10,Bộ cấp,,,457300,Đang KT,a,a,a,,,a,a,,,
80,Công ty sản xuất đá Granit TNHH,"Đá hoa Đam Đình, xã Vĩnh Lạc","Xã Vĩnh Lạc, Lào Cai",Đá vôi trắng,1343/GP-BTNMT,30/07/2010,30/07/2040,75,Bộ cấp,,296600,1920282,"Dừng KT 
(Theo CV số 01-10/TB-GRA ngày 07/10/2022, do chất lượng kém)",a,a,a,,,a,a,,,a
81,Công ty TNHH Á Châu,Xã Lương Thịnh,Trấn Yên,Quặng sắt,1541/GP-UBND,22/09/2010,22/09/2022,43.2,Tỉnh cấp,Hết hạn,,47872,Đang KT,a,a,a,,,a,a,,,
82,Công ty TNHH An Lộc Phát (trước đây là Cổ phần),"Đá vôi Vực Tuần 1, xã Cát Thịnh",Văn Chấn ,Đá làm VLXDTT,36/GP-UBND,10/01/2014,10/01/2044,5,Tỉnh cấp,,45000,,"Chưa KT
(vướng mắc do liên quan đến rừng tự nhiên theo BC số 45/BC-STNMT ngày 23/02/2021)",,,a,,,,,,,
83,Công ty TNHH Đá cẩm thạch An Phú,"Đá hoa Nam núi Khau Ca, xã An Phú","Thôn Khau Ca, Xã Mường Lai, Tỉnh Lào Cai",Đá vôi trắng,313/GP-BTNMT,16/02/2016,16/02/2046,16.1,Bộ cấp,,80725,346136,Đang KT,a,a,a,,,a,a,,,
84,Công ty TNHH Đá cẩm thạch R.K Việt Nam ,"Cốc Há II, TT. Yên Thế và xã Liễu Đô","Xã Lục Yên, Lào Cai",Đá vôi trắng,1237/GP-BTNMT,27/06/2011,27/06/2041,42.4,Bộ cấp,,166406,458773.3333333333,Đang KT,a,a,a,a,a,a,a,a,,
85,Công ty TNHH Đại Đồng Tiến,Đá vôi xã Đồng Khê,"Phường Yên Bái, Lào Cai",Đá làm VLXDTT,412/GP-UBND,24/04/2012,24/04/2042,9.7,Tỉnh cấp,,90000,,Đang KT,a,a,a,a,a,a,a,,,
86,Công ty TNHH Đại Hoàng Long,"Đá hoa Cốc Há I, thị trấn Yên Thế","Xã Lục Yên, Lào Cai",Đá vôi trắng,300/GP-BTNMT,04/02/2016,04/02/2036,5.3,Bộ cấp,,43200,124549,Đang KT,a,a,a,a,,,a,,,
88,Công ty TNHH Đồng Tiến,"Đá vôi Mỹ Gia 5, xã Mỹ Gia","Xã Yên Bình, Lào Cai ",Đá làm VLXDTT,2797/GP-UBND,18/11/2019,15/08/2028,2.66,Tỉnh cấp,,40000,,Đang KT,a,a,a,,,a,a,,,a
89,Công ty TNHH Hải Thành,"Tiên Tinh - Núi Léc, xã Tân Thịnh (chuyển nhượng)",Văn Chấn ,Quặng sắt,229/GP-UBND ,05/02/2016,16/08/2022,43,Tỉnh cấp,Hết hạn,,95000,Đang KT (Năm 2022 BC có sản lượng KT),a,a,a,,,a,a,,,
90,Công ty TNHH Hoàng Đại Thành,"Mông Sơn VI, xã Mông Sơn","Xã Yên Bình, Lào Cai ",Đá vôi trắng,1161/GP-BTNMT,19/05/2015,19/05/2045,7.08,Bộ cấp,,,120000,Chưa KT (vướng mắc chuyển đổi rừng),,a,a,,,,,,,
91,Công ty TNHH Hồng Anh Bảo An,"Đá vôi Làng Mường, xã Tô Mậu","Xã Lục Yên, Lào Cai",Đá làm VLXDTT,83/GP-UBND,18/01/2019,18/01/2030,2,Tỉnh cấp,,50000,,Đang KT,a,a,a,,,,a,,,
92,Công ty TNHH Hợp tác Cơ Khí,"Sài Lương, xã Nậm Búng",Văn Chấn,Quặng sắt,977/GP-UBND,30/06/2011,30/12/2023,3.5,Tỉnh cấp,Hết hạn,,10000,"Dừng KT 
(theo yêu cầu của UBND tỉnh để hoàn thiện thủ tục thuê đất)",a,a,a,,,a,,,,
93,Công ty TNHH HTQ Yên Bái,"Đá vôi Gốc Sấu, xã Đại Sơn (gia hạn)","Thôn Đoàn Kết, Xã Tân Hợp, Tỉnh Lào Cai, Việt Nam",Đá làm VLXDTT,230/GP-UBND,23/02/2023,06/09/2027,0.84,Tỉnh cấp,,15000,,Đang KT,a,a,a,,a,,,,,
94,Công ty TNHH Hưng Thắng,"Làng Khuôn, xã An Thịnh",Văn Yên ,Quặng sắt,898/GP-UBND,27/06/2007,27/06/2010,2.3,Tỉnh cấp,Hết hạn,,7000,Dừng KT; Đề nghị ĐCM,,,,,,,,,,
95,Công ty TNHH Hưng Thắng,"Km24 xã Hưng Khánh, xã Hưng Thịnh và xã Lương Thịnh",Trấn Yên ,Quặng sắt,1240/GP-UBND,24/08/2007,24/08/2017,61.8,Tỉnh cấp,Hết hạn,,80000,"Dừng XDCB;
Chưa KT",a,a,a,,,,a,,,
96,Công ty TNHH Huy Hoàng Lục Yên,Đá vôi xã Minh Xuân (cấp lại),"Thôn Xuân Yên, Xã Minh Xuân, Huyện Lục Yên, Tỉnh Yên Bái, Việt Nam",Đá làm VLXDTT,413/GP-UBND,24/04/2012,24/04/2040,2.3,Tỉnh cấp,,20000,,Đang KT,a,a,a,,,a,a,,,a
97,Công ty TNHH Khai thác và Chế biến đá Tường Phú,"Liễu Đô 4, xã Liễu Đô","Tổ dân phố 13, Xã Lục Yên, Tỉnh Lào Cai",Đá vôi trắng,1264/GP-BTNMT,30/06/2011,30/06/2041,49.8,Bộ cấp,,226568,921750,Đang KT,a,a,a,a,,a,a,,22/GPMT-BTNMT ngày 26/01/2024,
98,Công ty TNHH Khai thác và Chế biến đá Việt Long ,"Liễu Đô 2, xã Liễu Đô và xã Minh Tiến","Xã Mường Lai, Lào Cai",Đá vôi trắng,1263/GP-BTNMT,30/06/2011,30/06/2041,39.6,Bộ cấp,,176461,556559,Đang KT,a,a,a,a,,a,a,,,
99,Công ty TNHH Lâm Trường An,"Điểm cát, sỏi sông Chảy, xã Tô Mậu, xã Minh Chuẩn và xã Tân Lĩnh (khu vực trúng đấu giá, chuyển nhượng)",Lục Yên,"Cát, sỏi",2708/GP-UBND,02/12/2021,30/07/2029,10.2,Tỉnh cấp,,32000,,Đang KT,a,a,a,,,a,a,,,
100,Công ty TNHH Linh Huy Hoàng,"02 điểm cát sông Hồng, xã Giới Phiên (chuyển nhượng, gia hạn)",Yên Bái,"Cát, sỏi",2249/GP-UBND,13/11/2024,01/12/2027,3.1,Tỉnh cấp,,17500,,Chưa KT,a,a,a,,,a,a,,,
101,Công ty TNHH Lương Việt Yên Bái ,"Đá vôi Thôn 2, xã Phong Dụ Hạ",Văn Yên,Đá làm VLXDTT,1607/GP-UBND,06/10/2010,06/10/2040,5.237,Tỉnh cấp,,42500,,Đang KT,a,a,a,,,a,a,,,a
102,Công ty TNHH Mạnh Lâm Yên Bái,02 điểm cát sông Hồng xã Y Can (chuyển nhượng),Trấn Yên,"Cát, sỏi",399/GP-UBND ,10/03/2017,28/05/2030,18.4,Tỉnh cấp,,12000,,Đang KT,a,a,a,,,a,a,,,
103,Công ty TNHH Mạnh Lâm Yên Bái,"Trực Bình, xã Minh Bảo (KT tận thu)",Yên Bái,Felspat,2170/GP-UBND,21/09/2020,21/09/2025,0.26,Tỉnh cấp,Hết hạn,,6500,Đang KT (theo số liệu sản lượng CT cung cấp),a,-,a,,,,a,,,
104,Công ty TNHH Minh Phú,"Điểm cát sông Hồng thôn 4, xã Giới Phiên",Yên Bái,"Cát, sỏi",1640/GP-UBND ,07/10/2010,07/10/2025,14,Tỉnh cấp,Hết hạn,20000,,Đang KT,,a,a,,,a,a,,,
105,Công ty TNHH Một thành viên  Khai thác và Chế biến khoáng sản Thạch Sơn,02 điểm thạch anh Nậm Cưởm - Nậm Pươi xã Nậm Búng nay là xã Gia Hội,"Xã Gia Hội, Lào Cai",Thạch anh,945/GP-UBND,30/06/2011,30/06/2027,8,Tỉnh cấp,,6000,,"Chưa KT
(ĐangXDCB; vướng mắc do liên quan đến rừng tự nhiên theo BC số 45/BC-STNMT ngày 23/02/2021)",a,a,a,,,,,,,
106,Công ty TNHH Nam Phát,"Đá vôi Vực Tuần, xã Cát Thịnh",Văn Chấn,Đá làm VLXDTT,3005/GP-UBND,02/12/2020,02/12/2047,5.9,Tỉnh cấp,,48000,,Chưa KT,,,,,,,,,,
107,Công ty TNHH Nhất Linh Yên Bái ,"Làng Phát, xã Châu Quế Hạ (KT tận thu)",Văn Yên,Quặng sắt,2183/GP-UBND,14/11/2014,14/11/2017,0.2,Tỉnh cấp,Hết hạn,,5000,Dừng KT,a,-,a,,,,,,,
108,Công ty TNHH Quảng Phát,"Trung Thành, xã Minh Tiến","Xã Mường Lai, Lào Cai",Đá vôi trắng,198/GP-BTNMT,19/02/2009,19/02/2039,7.98,Bộ cấp,,48600,280800,"Dừng KT
(Tại VB số 74-CV/CTQP ngày 10/8/2023; VB số 59-CV/CTQP ngày 06/8/2024)",a,a,a,,,a,,,,
109,Công ty TNHH Quảng Phát,"Đá vôi Bản Thắm, xã Thượng Bằng La","Xã Mường Lai, Lào Cai",Đá làm VLXDTT,2117/GP-UBND,16/09/2020,16/09/2044,2.4,Tỉnh cấp,,14000,,"Chưa KT
(đang XDCB)",,a,a,,,,,,,
110,Công ty TNHH SX&TM Chân Thiện Mỹ,"Làng Lạnh II, xã Liễu Đô","Xã Lục Yên, Lào Cai",Đá vôi trắng,809/GP-BTNMT,04/05/2010,04/05/2040,35.7,Bộ cấp,,89640,827750,Đang KT,a,a,a,,,a,a,,,
111,Công ty TNHH Tân Tiến,"Yên Bình, xã Hưng Thịnh (cấp lại)","Xã Lương Thịnh, Lào Cai",Quặng sắt,912/GP-UBND,28/06/2011,28/12/2039,15,Tỉnh cấp,,,30000,Đang KT,a,a,a,,,a,a,,,
112,Công ty TNHH Tập đoàn Graphite Việt Nam,Xã Yên Thái,"Xã Trấn Yên, Lào Cai",Grafit,1429/GP-BTNMT,17/07/2014,17/07/2026,11,Bộ cấp,,,250000,Đang KT,a,a,a,,,a,a,,,
113,Công ty TNHH Thương mại Cửu Phú,Xã Vĩnh Lạc và xã Minh Tiến,Lục Yên ,Đá vôi trắng,1317/GP-BTNMT,26/07/2010,26/07/2040,21.95,Bộ cấp,,145908,418079,Chưa KT,a,a,a,,,,,,,
114,Công ty TNHH Tuyên Huy,"Mỏ chì-kẽm Núi Ngàng, xã Cảm Nhân",Yên Bình,Chì - kẽm,1766/GP-UBND,22/10/2007,22/10/2009,12,Tỉnh cấp,Hết hạn,,3000,Dừng KT; Đang xin cấp lại,,,,,,,,,,
115,Công ty TNHH Xây dựng - Thương mại Phan Xi Păng,"Đồng Phú, thị trấn Yên Thế (trước đây là xã Yên Thắng)",Lục Yên ,Đá vôi trắng,2122/GP-BTNMT,20/12/2007,20/12/2027,2.18,Bộ cấp,,15000,50000,Đang KT,a,a,a,,,a,a,,,
116,Công ty TNHH Xây dựng công trình và Thương mại  Nam Linh,"Mỏ đá vôi Hang Dơi, 
xã Minh Quán",Trấn Yên ,Đá làm VLXDTT,575/GP-UBND,29/12/2006,29/12/2008,2,Tỉnh cấp,Hết hạn,10000,,Dừng KT; Đề nghị ĐCM,,,,,,,,,,
117,Công ty TNHH Xây dựng sản xuất và Thương mại Hùng Đại Sơn,"Đá hoa Bản Nghè, xã Yên Thắng","Xã Lục Yên, Lào Cai",Đá vôi trắng,2965/GP-BTNMT,20/11/2019,20/11/2049,12.4,Bộ cấp,,30000,425600,Đang KT,a,a,a,a,,,a,,,
118,Công ty TNHH Xây dựng sản xuất và Thương mại Hùng Đại Sơn,Đá vôi xã Vĩnh Lạc (khu vực trúng đấu giá),"Xã Lục Yên, Lào Cai",Đá làm VLXDTT,665/GP-UBND,25/04/2022,24/04/2049,3.7,Tỉnh cấp,,72000,,Đang KT,a,a,a,a,,,,,,
119,Công ty TNHH Xây dựng và Thương mại Ngọc Thanh,Xã Hưng Thịnh,Trấn Yên,Quặng sắt,400/GP-UBND,23/04/2012,23/10/2022,6.6,Tỉnh cấp,Hết hạn,,10000,Đang KT,a,a,a,,,,a,,,
120,Doanh nghiệp tư nhân Dịch vụ sản xuất trồng rừng 327,"Đá hoa Thôn 3 Nà Hà, xã An Phú","Xã Yên Bình, Lào Cai ",Đá vôi trắng,98/GP-BTNMT,05/06/2020,05/06/2050,11.95,Bộ cấp,,2110,262000,Đang KT,a,a,a,,,,a,,,
121,Doanh nghiệp tư nhân Hùng Loan,"Giàng Chải, xã Nậm Búng",Văn Chấn ,Quặng sắt,418/GP-UBND,11/03/2008,11/09/2012,9.5,Tỉnh cấp,Hết hạn,,60000,Dừng KT,,,,,,a,a,,,a
122,Doanh nghiệp tư nhân Than Đá Suối Bắc,"Đá vôi Huổi Quẻ, xã Phù Nham","Tổ dân phố Cầu Thia, Phường Trung Tâm, Tỉnh Lào Cai, Việt Nam",Đá làm VLXDTT,1182/GP-UBND,15/06/2020,15/06/2045,2.6,Tỉnh cấp,,40000,,Đang KT,a,a,a,,,,a,,,
123,Doanh nghiệp tư nhân Thành Hương Nghĩa Lộ,"Đá vôi Thôn 13, xã Đồng Khê","Thôn Bản Hốc, Xã Văn Chấn, Tỉnh Lào Cai, Việt Nam",Đá làm VLXDTT,2596/GP-UBND,24/12/2014,24/06/2043,4,Tỉnh cấp,,40000,,Đang KT,a,a,a,a,,a,a,,,
124,Hợp tác xã Dịch vụ tổng hợp Đầm Mỏ,"Điểm cát sông Hồng, xã Văn Phú",Yên Bái,"Cát, sỏi",206/GP-UBND,03/02/2016,03/02/2033,4,Tỉnh cấp,,5000,,Đang KT,a,a,a,,,a,a,,,
125,Hợp tác xã Dịch vụ Tổng hợp Hoàng Thắng,"03 điểm cát, sỏi sông Hồng, xã Mậu Đông, xã Đông Cuông",Văn Yên ,"Cát, sỏi",906/GP-UBND,28/06/2011,28/12/2025,20.1,Tỉnh cấp,Hết hạn,24139,,Đang KT,a,a,a,,,a,a,,,
126,Hợp tác xã Dịch vụ Tổng hợp Hương Giang,"04 điểm cát, sỏi sông Hồng xã Mậu Đông, xã Yên Hợp, TT. Mậu A",Văn Yên ,"cát, sỏi",1926/GP-UBND,11/12/2013,11/12/2032,7,Tỉnh cấp,,5000,,Đang KT,a,a,a,,,a,a,,,
127,Hợp tác xã Dịch vụ Tổng hợp Tú Lệ,"03 điểm sắt, xã Nậm Búng và xã Gia Hội",Văn Chấn ,Quặng sắt,946/GP-UBND,30/06/2011,30/06/2025,49.8,Tỉnh cấp,Hết hạn,,34000,Dừng KT (Dừng từ năm 2016; VB số 10/CV-HTX ngày 21/9/2020),a,a,a,,,,a,,,a
128,Hợp tác xã Khai Minh,"Cát, sỏi sông Hồng, xã Tuy Lộc (chuyển nhượng)",Yên Bái,"Cát, sỏi",49/GP-UBND,13/01/2016,17/01/2030,7.5,Tỉnh cấp,,10000,,Đang KT,a,a,a,,,a,a,,,
129,Hợp tác xã Khai Minh,"02 điểm cát, sỏi sông Hồng, xã Báo Đáp và xã Thành Thịnh",Trấn Yên,"Cát, sỏi",2846/GP-UBND,01/11/2016,01/05/2035,2,Tỉnh cấp,,3542,,Đang KT,a,a,a,,,a,a,,,
130,Hợp tác xã Khai thác Chế biến đá vôi Thượng Bằng La,Mỏ đá vôi xã Thượng Bằng La (cấp lại),"hôn Thắm, Xã Thượng Bằng La, Tỉnh Lào Cai, Việt Nam",Đá làm VLXDTT,392/GP-UBND,19/04/2012,19/10/2041,4.5,Tỉnh cấp,,36700,,Đang KT,a,a,a,,,a,a,,,a
131,Hợp tác xã Khai thác đá vôi và Vật liệu xây dựng Bó Luông,"Mỏ đá vôi Làng Mường 2, xã Tô Mậu (cấp lại)","Xã Lục Yên, Lào Cai",Đá làm VLXDTT,1501/GP-UBND,25/07/2016,25/01/2028,4.6,Tỉnh cấp,,35000,,Đang KT,a,a,a,,,a,a,,,a
132,Hợp tác xã Khai thác Khoáng sản Vũ Toàn,"Quặng đồng Làng Phát, xã Châu Quế Hạ ","tổ 10, Phường Yên Bái, Lào Cai",Quặng đồng,2341/GP-BTNMT,28/09/2017,28/09/2032,14.4,Bộ cấp,,,20600,"Chưa KT
(Đang XDCB)",a,-,a,,,,,,,
133,Hợp tác xã Khai thác sản xuất Dịch vụ Vật liệu xây dựng Hợp Nhất,"Thôn 2 và Thôn 3, TT. Cổ Phúc",Trấn Yên ,Đất làm gạch,848/GP-UBND,20/06/2011,20/06/2036,1.2,Tỉnh cấp,,3750,,Dừng KT,a,,,,,,a,,,
134,Hợp tác xã Khai thác sản xuất Dịch vụ Vật liệu xây dựng Hợp Nhất,"05 điểm cát, sỏi sông Hồng thuộc các xã: Báo Đáp, Quy Mông, Thành Thịnh và Y Can",Trấn Yên,"Cát, sỏi",1051/GP-UBND,17/06/2015,17/06/2033,10.5,Tỉnh cấp,,20000,,Đang KT,a,a,a,,,a,a,,,
135,Hợp tác xã Phú Quang,"Điểm cát, sỏi sông Chảy, xã Tô Mậu",Lục Yên,"Cát, sỏi",173/GP-UBND,11/02/2022,11/02/2027,0.27,Tỉnh cấp,,2700,,Chưa KT,a,,a,,,,,,,
136,Hợp tác xã Suối Quyền,02 điểm than nâu xã Suối Quyền nay là xã Sơn Lương,"Phường Trung Tâm, Tỉnh Lào Cai, Việt Nam",Than,1092/GP-UBND,29/06/2018,29/11/2029,4.77,Tỉnh cấp,,,1200,Chưa KT,a,a,a,,,,,,,
137,Hợp tác xã Văn Thịnh,"Đá vôi Khe Thắm, xã Thượng Bằng La (cấp lại)","Thôn Ba Khe, Xã Cát Thịnh, Lào Cai",Đá làm VLXDTT,139/GP-UBND,20/01/2017,20/07/2033,2.07,Tỉnh cấp,,30000,,Đang KT,a,a,a,a,,a,a,,,
138,Công ty Cổ phần Đầu tư Khoáng sản Tây Bắc,"Quặng vàng gốc Tú Lệ 3, xã Tú Lệ",Văn Chấn,Vàng,992/GP-UBND,30/06/2011,30/12/2015,6.02,Tỉnh cấp,Hết hạn,,20800,Chưa KT (Bị Sở KH&ĐT TP. Hà Nội thu hồi Giấy CNĐKKD tai QĐ ngày 19/12/2017),,,,,,,,,,
139,Công ty Cổ phần Đầu tư Khoáng sản Tây Bắc,"Quặng vàng gốc Tú Lệ 2, xã Tú Lệ",Văn Chấn,Vàng,991/GP-UBND,30/06/2011,30/12/2015,6,Tỉnh cấp,Hết hạn,,13260,Chưa KT (Bị Sở KH&ĐT TP. Hà Nội thu hồi Giấy CNĐKKD tai QĐ ngày 19/12/2017),,,,,,,,,,
140,Công ty Cổ phần Khai thác và Chế biến khoáng sản Vũ Gia Yên Bái,"Đá hoa tại các khu vực Phan Thanh 1 và Phan Thanh 2 thuộc xã Tân Lĩnh, tỉnh Lào Cai","Thôn Hợp Nhất, Xã Yên Bình, Tỉnh Lào Cai",Đá vôi trắng,482/GP-BNNMT,12/11/2055,12/11/2055,Bộ cấp,Bộ cấp,100000,10070,100000,,,,,,,,,,,
1,Công ty TNHH MTV Apatit Việt Nam,"Mỏ Cóc 1, xã Tả Phời - TP Lào Cai "," Đại lộ Trần Hưng Đạo, Tổ 19 Bắc Cường, Phường Cam Đường, Lào Cai",Apatit,1793/GP-BTNMT,26/07/2017,26/07/2035,78.1,Bộ cấp,,,200000,,,,,,,,,,,
2,Công ty TNHH MTV Apatit Việt Nam,"Khai trường 19, xã Cốc San (H. Bát Xát) và xã Đồng Tuyển (TP Lào Cai)",,Apatit,360/GP-BTNMT,31/01/2018,31/01/2036,50.04,Bộ cấp,,,245888,,,,,,,,,,,
3,Công ty TNHH MTV Apatit Việt Nam,Khai trường Ngòi Đum - Đông Hồ thuộc P. Bắc Cường và Nam Cường - TP Lào Cai.,,Apatit,361/GP-BTNMT,31/01/2018,31/07/2035,80.28,Bộ cấp,,,480000,,,,,,,,,,,
4,Công ty TNHH MTV Apatit Việt Nam,"Khai trường Cam Đường 2, xã Cam Đường, TP. Lào Cai",,Apatit,865/GP-BTNMT,10/04/2019,10/10/2031,24,Bộ cấp,,,50000,,,,,,,,,,,
5,Công ty TNHH MTV Apatit Việt Nam,"Khai trường 10 thuộc khu Cam Đường 1 - mỏ apatit Lào Cai thuộc, phương Cam Đường, tỉnh Lào Cai",TP. Lào Cai,Apatit,86/GP-BTNMT ,16/04/2025,26/04/2028,49.85,Bộ cấp,,,,,,,a,,,,,,,
6,Công ty CP ĐT Vạn Thắng,"Khu Làng Mô, xã Gia Phú, huyện Bảo Thắng (nay là xã Thống Nhất, TP. Lào Cai)",TP. Lào Cai,Apatit,1930/GP-BTNMT,31/07/2015,31/07/2025,31,Bộ cấp,Hết hạn,,,,,,,,,,,,,
7,Công ty CP ĐT Vạn Thắng,"Khu vực Quang Kim, xã Quang Kim, huyện Bát Xát","Số nhà 196 phố Soi Tiền, Phường Lào Cai, Tỉnh Lào Cai,",Apatit,87/GP-BTNMT,20/05/2020,20/05/2029,33.64,Bộ cấp,,,600000,,,,,,,,,,,
8,Công ty CP ĐT Apatit Tam Đỉnh Lào Cai,"Mỏ Apatit Tam Đỉnh  Làng Phúng, xã Sơn Thủy, Chiềng Ken, H Văn Bàn","Tầng 3, tòa nhà LC Diamond Plaza, số 116 đường Lê Lai, Phường Lào Cai, Tỉnh Lào Cai",Apatit,2853/GP-BTNMT,05/11/2015,05/11/2034,136.77,Bộ cấp,,,200000,,,,,,,,,,,
9,Công ty CP ĐT Apatit Tam Đỉnh Lào Cai,"Mỏ sắt KV Đông Nam mỏ Làng Lếch - Xã Sơn Thủy, H Văn Bàn ",,Quặng sắt,2869/GP-BTNMT,17/09/2018,21/01/2029,62.24,Bộ cấp,,,248000,,,,,,,,,,,
10,Công ty CP Tập đoàn hóa chất Đức Giang,"Mỏ Apatit khai trường 25, xã Quang Kim, Ban Qua, huyện Bát Xát","Khu công nghiệp Tằng Loỏng, Xã Tằng Loỏng, Tỉnh Lào Cai, Việt Nam",Apatit,216/GP-BTNMT,10/11/2020,10/11/2026,28.87,Bộ cấp,,,670000,,,,,,,,,,,
11,Công ty CP Công nghiệp Hoá chất Lào Cai,"Mỏ Apatit khai trường 19b, xã Đồng Tuyển, TP Lào Cai","Phường Lào Cai, Lào Cai",Apatit,298/GP-BTNMT,11/11/2022,11/11/2027,24.5,Bộ cấp,,,1500000,,,,,,,,,,,
12,Công ty CP Vật tư Nông sản,"Mỏ Apatit khu Phú Nhuận -X Phú Nhuận-H. Bảo Thắng, xã Văn Sơn, Võ Lao-H. Văn Bàn","Xã Văn Bàn, Lào Cai",Apatit,2188/GP-BTNMT,09/12/2017,09/12/2047,45.74,Bộ cấp,,,250000,,,,,,,,,,,
13,Tổng Công ty Khoáng sản TKV - CTCP,KT lộ thiên mỏ đồng Sin Quyền - Xã Bản Vược và Cốc Mỳ H. Bát Xát (200ha),"Thôn 3, Xã Bản Vược, Huyện Bát Xát, Tỉnh Lào Cai, Việt Nam",Đồng,1868/GP-BTNMT (thay thế GP:3101/GP-ĐCKS ngày 26/12/2001; QĐ điều chỉnh GO số 656/QĐ-BTNMT ngày 23/3/2023 (bãi bỏ phụ lục 3 - GP số 1868),08/02/2017,08/02/2027,200,Bộ cấp,,,2000000,,,,,,,,,,,
,,Khai thác hầm lò quặng đồng mỏ Vi Kẽm - X. Cốc Mỳ - H. Bát Xát (155ha),,Đồng,1688/GP-BTNMT,07/12/2017,07/12/2036,155,Bộ cấp,,,197543,,,,,,,,,,,
14,Công ty CP đồng Tả Phời - Vinacomin,"Mỏ đồng Tả Phời, xã Tả Phời - TP Lào Cai","Phường Cam Đường, Lào Cai",Đồng,2681/GP-BTNMT,27/12/2013,27/12/2026,200,Bộ cấp,,,86898,,,,,,,,,,,
15,Công ty CP CARAT,"Mỏ graphit Nậm Thi - P.Lào Cai và Xã Bản Phiệt, huyện Bảo Thắng","Phường Lào Cai, Lào Cai",Grafit,95/GP-BTNMT,21/01/2011,21/01/2033,56.84,Bộ cấp,,,100000,,,,,,,,,,,
16,Công ty CP Khoáng sản Sông Đà Lào Cai,"Mỏ graphit Bảo Hà, xã Bảo Hà, huyện Bảo Yên","Phường Lào Cai, Lào Cai",Grafit,233/GP-BTNMT,23/01/2018,23/07/2033,25.1,Bộ cấp,,,138600,,,,,,,,,,,
17,Công ty CP khoáng sản 3,"Mỏ sắt Làng Cọ (X Văn Sơn) - Làng Vinh (xã Võ Lao), H Văn Bàn","Số nhà 162, đường Duyên Hải, Phường Lào Cai, Tỉnh Lào Cai, Việt Nam",Sắt,1150/GP-BTNMT,18/05/2015,18/05/2033,128.11,Bộ cấp,,,48000,,,,,,,,,,,
,,"Mỏ sắt Kíp Tước - X. Hợp Thành, TP Lào Cai",,Sắt,52/GP-BTNMT (Gia hạn Giấy phép 75/GP-BTNMT),15/02/2024,15/04/2026,8.4,Bộ cấp,,,121000,,,,,,,,,,,
18,Cty TNHH KS và LK Việt Trung,"Mỏ đá Mai Đào, xã Thượng Hà - H. Bảo Yên",Bảo Yên,Đá XD,1788/GP-UBND ,25/05/2017,25/05/2027,3.6,Tỉnh cấp,,,45000,,,,,,,,,,,
20,Công ty CP Phân lân nung chảy Lào Cai,"Mỏ Serpentinit - Xã Thượng Hà, H. Bảo Yên","Số nhà 348, đường Nhạc Sơn, Phường Lào Cai, Tỉnh Lào Cai, Việt Nam",Serpentin,2304/GP-BTNMT,15/11/2013,30/06/2040,4.5,Bộ cấp,,,60000,,,,,,,,,,,
,,"KT 32 và Làng Cáng 2 thuộc xã Tả Phời, Hợp Thành, TP. Lào Cai",,Apatit,939/GP-BTNMT,16/04/2019,16/04/2033,49.39,Bộ cấp,,,350000,,,,,,,,,,,
21,Công ty CP khoáng sản Lào Cai,"Mỏ Caolanh - felspat Làng Giàng, xã Làng Giàng, H. Văn Bàn",Văn Bàn,Caolanh – felspat,2679/GP-BTNMT,27/12/2013,27/12/2033,30.77,Bộ cấp,,,300000,,,,,,,,,,,
22,Công ty CP Khoáng sản Sông Hồng Lào Cai,"Mỏ Cao lanh Sơn Mãn, xã Vạn Hòa - TP Lào Cai","Thôn Sơn Mãn, Phường Lào Cai, Tỉnh Lào Cai, Việt Nam",Cao lanh – felspat,2494/GP-BTNMT (QĐ điều chỉnh GP số 139/QĐ-BTNMT ngày 18/01/2019; số 2555/QĐ-BTNMT ngày 05/10/2022),28/10/2016,28/10/2033,14.6,Bộ cấp,,,7149,,,,,,,,,,,
23,"Công ty CP khai thác, chế biến Khoáng sản Lào Cai","Mỏ sắt Ba Hòn - Làng Lếch (thân quặng: 8, 9, 10, 11, 12, 13, 13A) - Xã Sơn Thuỷ, H. Văn Bàn","Xã Văn Bàn, Lào Cai",Sắt,1408/GP-BTNMT,29/08/2012,29/08/2028,68.1,Bộ cấp,,,117200,,,,,,,,,,,
24,Công ty TNHH TM Tây Bắc 1,Mỏ đá Tân Quang xã Xuân Quang- BT,,Đá XD,5850/GP-UBND ,26/12/2017,14/03/2026,4.83,Tỉnh cấp,,,45000,,,,,,,,,,,
25,Công ty CP nghỉ dưỡng Pom Hán,"Khu vực nước khoáng nóng Pom Hán, P Bình Minh, TP Lào Cai","Tổ 21, Phường Cam Đường, Tỉnh Lào Cai, Việt Nam",Nước khoáng nóng,2920/GP-BTNMT,20/11/2017,20/11/2047,Chiều sâu LK 95,,,Lưu lượng được phê duyệt 371,,,,,,,,,,,,
26,Công ty TNHH Phúc Bình,"Thôn Nậm Bó, xã Làng Giàng, H Văn Bàn","Xã Văn Bàn, Lào Cai",Felspat,3988/GP-UBND ,11/10/2016,11/10/2030,6.05,Tỉnh cấp,,,94050,,,,,,,,,,,
27,Công ty TNHH TM Lương Hà,"Mỏ đá Bản Cầm Xã Bản Cầm,  H. Bảo Thắng",,Đá XD,3922/GP-UBND ,12/06/2018,12/06/2028,11.5865,Tỉnh cấp,,200000,,,,,,,,,,,,
28,Công ty CP Phú Hà,"Mỏ đá thôn Bản Cầm, xã Bản Cầm, huyện Bảo Thắng","Thôn Bản Cầm, Xã Phong Hải, Tỉnh Lào Cai,Việt Nam",Đá XD,3041/GP-UBND,12/05/2022,06/05/2035,3.87,Tỉnh cấp,,200000,,,,,,,,,,,,
29,Công ty TNHH MTV Trung Anh,"Mỏ đá thôn Làng Vinh, X. Võ Lao, H. Văn Bàn"," Số nhà 020, đường Gia Lan, Xã Văn Bàn, Tỉnh Lào Cai, Việt Nam",Đá XD,"2827/GP-UBND 
(gia hạn GP số 2838/GP-UBND ngày 20/6/2017) 
",08/09/2021,05/04/2031,14,Tỉnh cấp,,150000,,,,,,,,,,,,
30,DNTN Đức Tiến ,"Mỏ sét khu vực xã Bản Qua và Bản Vược, H.Bát Xát",,Sét,582/GP-UBND,03/04/2016,03/04/2026,18.7,Tỉnh cấp,,70000,,,,,,,,,,,,
32,Công ty CP TM Thành Công,"Thôn Soi Giá, xã Gia Phú, H. Bảo Thắng",,Sét,3457/GP-UBND ,08/02/2017,08/02/2029,4,Tỉnh cấp,,20000,,,,,,,,,,,,
33,Công ty CP SX vật liệu gốm XD Tân An,"Mỏ đất sét thôn Tân Sơn và thôn Mai Hồng 1, xã Tân An, huyện Văn Bàn",,Sét,3395/GP-UBND ,16/10/2019,16/10/2027,9.58,Tỉnh cấp,,40000,,,,,,,,,,,,
34,Công ty TNHH Anh Nguyên,"Mỏ đá Thôn Tả Hồ, xã Tà Chải, H Bắc Hà",Bắc Hà,Đá XD,2021/GP-UBND,16/08/2012,30/11/2025,1.35,Tỉnh cấp,,45000,,,,,,,,,,,,
,,"Mỏ đá thôn Bản Làn, xã Lùng Vai, huyện Mường Khương","Xã Mường Khương, Lào Cai",Đá XD,3599/GP-UBND ,11/06/2018,11/06/2027,3.5,Tỉnh cấp,,15000,,,,,,,,,,,,
35,Công ty CP khai thác VLXD Miền Bắc (chuyển đổi từ Cty TNHH MTV Thiên Thanh),"Mỏ đá Thôn Toòng Già, TT Phong Hải, H. Bảo Thắng","Xã Bảo Thắng, Lào Cai",Đá XD,QĐ điều chỉnh số 131/QĐ-UBND ngày 16/01/2023 (Điều chỉnh GP số 70/GP-UBND  ngày 12/01/2016) ,16/01/2023,07/05/2031,4.5,Tỉnh cấp,,200000,,,,,,,,,,,,
36,Công ty TNHH MTV Duy Hiếu,"Điểm đá Bản Mỏ Đá, xã Tân Dương, H Bảo Yên",Bảo Yên,Đá XD,151/GP-UBND ,19/01/2016,19/01/2031,2.5,Tỉnh cấp,,20000,,,,,,,,,,,,
37,Công ty TNHH XDTH Minh Đức,"Điểm mỏ đá thôn Bắc Ngầm, xã Xuân Quang, H Bảo Thắng",Bảo Thắng,Đá XD (gia hạn),"1015/GP-UBND 
(QĐ điều chỉnh GP, thời gian số 1740/QĐ-UBND 12/6/2018)
",04/08/2016,21/06/2026,3.3,Tỉnh cấp,,96000,,,,,,,,,,,,
38,Công ty TNHH MTV XD 189,"Thôn Bản Mẹt Ngoài, X.Bảo Nhai, H. Bắc Hà",Bắc Hà,Đá quarzit hàm lượng thấp làm VLXDTT  ,2352/GP-UBND,29/07/2015,21/06/2026,9.5,Tỉnh cấp,,35000,,,,,,,,,,,,
39,Công ty TNHH TMTH Thái Bảo,"Thôn Nà Lộc và KV Đán Đăm, xã Khánh Yên Thượng - H Văn Bàn",Văn Bàn,Đá XD,"2917/QĐ-UBND ngày 13/11/2024
(2912/GP-UBND ngày 06/9/2016) 
",13/11/2024,13/11/2034,7.63,Tỉnh cấp,,50000,,,,,,,,,,,,
40,Công ty TNHH Quang Hưng,"Mỏ đá Na Pủ Sáo, thôn Na Khuy, thị trấn Mường Khương",Mường Khương,Đá XD,526/GP-UBND ,20/02/2017,20/02/2027,1.5,Tỉnh cấp,,20000,,,,,,,,,,,,
41,Công ty TNHH Khoáng sản Bản Cầm,"Mỏ đá Thôn Bản Cầm, xã Bản Cầm, H. Bảo Thắng",Bảo Thắng,Đá XD,1853/GP-UBND ngày 23/7/2024 (Gia hạn các GP số:189/GP-UBND ngày 07/4/2011; 238/GP-UBND ngày 25/1/2016; 1099/GP-UBND ngày 15/4/2016; 779/GP-UBND ngày 29/3/2019; 132/GP-UBND ngày 20/01/2022; 3920/QĐ-UBND ngày 3/11/2021; 164/QĐ-UBND ngày 25/1/2024),23/07/2024,15/03/2029,3.88,Tỉnh cấp,,200000,,,,,,,,,,,,
42,Công ty CP Khoáng sản Phúc Đạt ,"Đá vôi dolomit làm VLXDTT thôn Thành Châu, xã Hợp Thành, TP Lào Cai",TP. Lào Cai,Đá XD,3921/GP-UBND,20/11/2019,20/11/2045,1.65,Tỉnh cấp,,15000,,,,,,,,,,,,
43,Công ty TNHH VLXD Sơn Thạch,"Mỏ đá Km38, thôn Bắc Ngầm, xã Xuân Quang, H. Bảo Thắng",Bảo Thắng,Đá XD,3659/GP-UBND ,10/12/2021,30/12/2029,3,Tỉnh cấp,,35000,,,,,,,,,,,,
44,Công ty TNHH MTV Hưng Phát,"Mỏ đá thôn Mã Tuyển, Xã Mường Khương, H. Mường Khương",Mường Khương,Đá XD,3951/GP-UBND (gia hạn GP 2522/GP-UBND 10/9/2010 ),11/08/2021,13/07/2027,2.56,Tỉnh cấp,,30000,,,,,,,,,,,,
45,Công ty CP XD giao thông 18 ,"Thôn Khe Bàn 2, xã Tân An, H. Văn Bàn",Văn Bàn,Đá XD,"4716/GP-UBND
(Gia hạn GP số 3049/GP-UBND ngày 19/9/2016)
",31/12/2021,30/08/2025,3.24,Tỉnh cấp,,60000,,,,,,,,,,,,
46,Công ty TNHH MTV XD Quốc Đạt,"Trên suối Chăn thuộc khu vực thôn 2, thôn 4 - xã Hòa Mạc và thôn 1, thôn 13 - xã Dương Quỳ, huyện Văn Bàn",Văn Bàn,Cát XD,4511/GP-UBND ,19/10/2017,19/10/2026,10,Tỉnh cấp,,30000,,,,,,,,,,,,
47,Công ty CP Vạn lộc Vĩnh Phúc,Trên sông Chảy thuộc xã Việt Tiến và Long Khánh - H. Bảo Yên,Bảo Yên,Cát XD,5651/GP-UBND ,15/12/2017,15/12/2027,18.9,Tỉnh cấp,,30000,,,,,,,,,,,,
48,Công ty TNHH MTV ĐTXD Minh Ngọc,"Trên sông Hồng thuộc thôn Đồng Tâm, An Tiến và thôn Nam Hải, xã Sơn Hải, huyện Bảo Thắng",Bảo Thắng,Cát XD,233/GP-UBND ,24/01/2018,24/07/2028,6.95,Tỉnh cấp,,15000,,,,,,,,,,,,
49,Công ty TNHH MTV Hậu Tươi,"Trên suối Ngòi San thuộc thôn Làng San 2, xã Quang Kim và thôn Van Hồ, xã Phìn Ngan, H Bát Xát",Bát Xát,Cát XD,234/GP-UBND ,24/01/2018,24/01/2026,3.02,Tỉnh cấp,,15000,,,,,,,,,,,,
,,"Mỏ cát, sỏi trên suối Cạn, xã Y Tý, huyện Bát Xát, tỉnh Lào Cai",Bát Xát,"Cát, sỏi",230/GP-UBND,02/07/2025,11/07/2032,1.72,Tỉnh cấp,,10000,,,,,,,,,,,,
50,Công ty TNHH MTV Dịch vụ Tân Hưng Thịnh,"Trên sông Chảy thuộc khu vực Bến Cóc - xã Việt Tiến, Bản 4 - xã Long Phúc và Bản 8 - xã Long Khánh, huyện Bảo Yên",Bảo Yên,Cát XD,1272/GP-UBND ,05/03/2018,05/03/2028,5.98,Tỉnh cấp,,18000,,,,,,,,,,,,
51,Công ty TNHH XD & TM Linh Nam,"Trên sông Chảy thuộc Bản Mỏ Đá, xã Tân Dương và Bản Chuân, xã Xuân Hòa và Bản 4 Là, xã Xuân Thượng, huyện Bảo Yên",Bảo Yên,Cát XD,479/GP-UBND ,03/01/2019,03/01/2034,16.9,Tỉnh cấp,,15000,,,,,,,,,,,,
,,"Trên sông Hồng thuộc thị trấn Phố Lu và xã Trì Quang, H. Bảo Thắng và xã Cam Cọn, H. Bảo Yên",Bảo Yên,Cát XD,949/GP-UBND,21/04/2023,21/09/2030,26.87,Tỉnh cấp,,78000,,,,,,,,,,,,
52,Công ty CP Khoáng sản Hà Nam 91 - 94,"Trên sông Chảy thuộc Khu 1, Khu 8 và Bản Cam, TT Phố Ràng - H. Bảo Yên",Bảo Yên,"Cát, sỏi XD
(GP chuyển nhượng)
",2878/GP-UBND ,23/11/2022,16/09/2027,20.6,Tỉnh cấp,,20000,,,,,,,,,,,,
53,Công ty TNHH Thương mại và XNK Đại Minh,"Trên sông Hồng thuộc thôn Tân An 1, Tân An 2, Ba Xã, Khe Quạt, Xuân Sang 1, Xuân Sang 2 của xã Tân An; thôn Khe Ù, Tân Trúc, Tân Lập - X. Tân Thượng (H. Văn Bàn) và thôn Bảo Vinh, Long Khánh, Bản Bùn 2, Bản Bùn 4 - X.Bảo Hà (H. Bảo Yên).",Bảo Yên,Cát XD,136/QĐ-UBND (Điều chỉnh GP 4512/GP-UBND và QĐ điều chỉnh GP số 2024/QĐ-UBND ngày 30/6/2020),22/01/2024,19/10/2039,26.16,Tỉnh cấp,,20000,,,,,,,,,,,,
54,DNTN Cường Tuấn,Trên sông Hồng thuộc phường Xuân Tăng và phường Bình Minh - TP Lào và xã Thái Niên - H. Bảo Thắng.,Bảo Thắng,Cát XD,533/GP-UBND ,24/02/2021,24/02/2036,3.31,Tỉnh cấp,,10000,,,,,,,,,,,,
55,Công ty TNHH Gia Hùng Thịnh,"Trên sông Hồng thôn Soi Giá, thôn Giao Ngay - xã Gia Phú và một phần thuộc thôn Thái Niên - xã Thái Niên - H Bảo Thắng",Bảo Thắng,Cát XD (gia hạn),822/GP-UBND 13/4/2023 (gia hạn GP số 1087/GP-UBND ngày 11/4/2018),13/04/2023,13/09/2025,5.1,Tỉnh cấp,,30000,,,,,,,,,,,,
56,Công ty TNHH TMTH Vi Anh,"Trên sông Hồng thuộc xã Sơn Hà, Sơn Hải, TT Phố Lu, H. Bảo Thắng",Bảo Thắng,Cát XD,"501/QĐ-UBND ngày 18/3/2024 (Điều chỉnh GP 883/GP-UBND,  tên Công ty)",19/03/2021,19/08/2035,7.34,Tỉnh cấp,,11000,,,,,,,,,,,,
57,HTX Phúc Minh Hoàn,"Trên suối Quang Kim, xã Quang Kim và suối Sin Quyền, xã Bản Vược và xã Cốc Mỳ - H. Bát Xát",Bát Xát,Cát XD,2185/GP-UBND,28/06/2021,28/06/2026,3.58,Tỉnh cấp,,24000,,,,,,,,,,,,
58,Công ty TNHH MTV XDTM 89,"Trên sông Chảy, thôn Tổng Vương, xã Phúc Khánh, Bản 6 Thâu (nay là bản 3 Thâu), xã Xuân Thượng, thôn Bến Cóc (nay là Bản Cóc Khiểng), xã Việt Tiến, H Bảo Yên",Bảo Yên,Cát XD,1919/GP-UBND ,31/08/2022,31/01/2030,4,Tỉnh cấp,,20000,,,,,,,,,,,,
59,Công ty TNHH MTV TM Minh Thắng,"Trên sông Hồng thuộc thôn An Trà, An Thắng, xã Sơn Hà, H. Bảo Thắng",Bảo Thắng,"Cát XD
(Gian hạn)
",GP 3371/GP-UBND (Gia hạn GP số 5784/GP-UBND ngày 22/12/2017),29/12/2023,19/04/2028,6.46,Tỉnh cấp,,20000,,,,,,,,,,,,
60,Công ty TNHH xây lắp công trình Hồng Toàn,"Mỏ đá thôn Bản Cầm, xã Bản Cầm, huyện Bảo Thắng, tỉnh Lào Cai",Bảo Thắng,Đá XD,1154/GP-UBND  ,16/05/2024,16/05/2034,3,Tỉnh cấp,,150000,,,,,,,,,,,,
61,Công ty CP đầu tư XD thương mại Miền Bắc,"Mỏ cát trên sông Chảy thuộc thôn Bản Rằm, xã Tân Dương, huyện Bảo Yên, tỉnh Lào Cai",Bảo Yên,Cát XD,397/GP-UBND ,26/02/2025,26/07/2030,1.66,Tỉnh cấp,,15000,,,,,,,,,,,,
62,Công ty CP đầu tư Tân Hoàng Long,"Mỏ đá thôn Bản Cầm, xã Bản Cầm, huyện Bảo Thắng, tỉnh Lào Cai",Bảo Thắng,Đá XD,1260/GP-UBND ,23/04/2025,23/04/2039,3.84,Tỉnh cấp,,200000,,,,,,,,,,,,
63,HTX Mạnh Chiến,"Mỏ đá Thôn Na Hô, xã Tà Chải, H. Bắc Hà",Bắc Hà,Đá XD,16/GP-UBND (Gia hạn GP số 943/GP-UBND ngày 09/4/2020 ),01/06/2025,15/05/2027,0.86,Tỉnh cấp,,20000,,,,,,,,,,,,
64,Doanh nghiệp tư nhân Nguyễn Công Chiểu,"Mỏ cát trên sông Hồng thuộc thôn An Hồng, xã Sơn Hà và thị trấn Phố Lu, huyện Bảo Thắng, tỉnh Lào Cai",Bảo Thắng,Đá XD,1590/GP-UBND ,20/05/2025,20/11/2036,10.4,Tỉnh cấp,,10000,,,,,,,,,,,,
65,Công ty TNHH Anh Nguyên,"Mỏ đá thôn Hoàng Thu Phố A, thị trấn Si Ma Cai, huyện Si Ma Cai, tỉnh Lào Cai",Si Ma Cai,Đá XD,2137/GP-UBND ,26/06/2025,26/09/2036,2.1,Tỉnh cấp,,60000,,,,,,,,,,,,
66,Công ty TNHH MTV xây dựng Trung Anh,"Mỏ cát trên suối Ngòi Bo, thôn Khe Luộc, xã Thống Nhất, thành phố Lào Cai và thôn Tả Thàng, xã Gia Phú, huyện Bảo Thắng, tỉnh Lào Cai",Bảo Thắng,"Cát, sỏi",2263/GP-UBND ,27/06/2025,27/11/2037,7.5,Tỉnh cấp,,22000,,,,,,,,,,,,
67,Công ty TNHH MTV Khoáng sản Phúc Hưng ,"Mỏ đá làm VLXDTT thôn Cán Cấu, xã Y Tý, tỉnh Lào Cai","Số nhà 284, đường Lương Khánh Thiện, Phường Lào Cai, Tỉnh Lào Cai, Việt Nam",Đá làm VLXDTT,1524/GP-UBND ,22/10/2025,05/08/2032,1.6,Tỉnh cấp,,125000,,,,,,,,,,,,
68,Công ty Cổ phần Xây dựng giao thông Yên Bái ,"MỎ đá làm VLXDTT khu vực xã Yên Thành, tỉnh Lào Cai","Phường Yên Bái, Lào Cai",Đá làm VLXDTT,1525/GP-UBND ,22/10/2025,22/10/2045,"4,3",Tỉnh cấp,,65000,,,,,,,,,,,,
